{"cnr": [0.0, 0.6, 1.2, 1.7999999999999998, 2.4, 3.0, 3.5999999999999996, 4.2, 4.8, 5.3999999999999995, 6.0, 6.6, 7.199999999999999, 7.8, 8.4, 9.0, 9.6, 10.2, 10.799999999999999, 11.4, 12.0], "ber": [0.48448735595753456, 0.46760414315347354, 0.43510803246109053, 0.38416187915507116, 0.2941471744550093, 0.20449093724232117, 0.12319430848665222, 0.06067307433390022, 0.024595875946969693, 0.008356112689393938, 0.0024178125, 0.00059453125, 0.00016515625, 5.03125e-05, 7.8125e-07, 0.0, 0.0, 0.0, 0.0, 0.0, 0.0]}