{"k": 10000000000.0, "fz": 7740.323106312552, "fp": 70151.97420357783, "ki": 1000000.0, "kp": 20.56179579404094, "a0": 0.5529381220748323, "a1": -0.5512624947964616, "b0": 1, "b1": -1.9731899635460717, "b2": 0.9731899635460719, "delay": 6.25e-08, "damping": 0.707, "bw": 50000.0, "n": 150, "m": 150, "kdco": 10000.0, "fclk": 16000000.0}